Country;twitter_account
Afghanistan;@AfghanistanTime 
Albania;@TheAlbanianTime 
Algeria;@AlgeriaTimes 
Angola;@AngolaToday ? 
Antigua and Barbuda;@antiguagov ? 
Argentina;@Infomedia24hrs 
Armenia;@armenia 
Aruba;na
Australia;@AustralianTimes 
Austria;@AustroNews 
Azerbaijan;@AzerNewsAz 
Bahamas;na
Bahrain;@CBB_News 
Bangladesh;@BDnews 
Barbados;@LoopNewsBB 
Belarus;@Belarus_News 
Belgium;@belgiumbe 
Benin;@BeninNewsDesk 
Bermuda;@NewsOfBermuda 
Bhutan;na
Bolivia;@boliviantimes 
Bosnia and Herzegovina;na
Botswana;@newsjsBW 
Brazil;@BrazilGovNews 
British Virgin Islands;na
Brunei Darussalam;@GOV_BN 
Bulgaria;@bultimes 
Burkina Faso;@fasopresse 
Burundi;@bujumburanews 
Cabo Verde;na
Cambodia;@cambodiantimes 
Cameroon;@SCBCNews 
Canada;@EpochTimesCan 
Cayman Islands;@CaymanIslesNews 
Central African Republic;@Repub_News 
Chad;@ChadNews 
Chile;@BreakingNewsChi 
China;@EpochTimesChina 
Colombia;@NewsColombia_ 
Comoros;na
Congo;@TimesofCongo1 
Congo, Democratic Republic of;@RDCNews1 
Costa Rica;@CostaRicaStar 
Côte d'Ivoire;na
Croatia;@CroatianTimes 
Cuba;@cubanartnews 
Cyprus;@cnainenglish 
Czech Republic;@Repub_News 
Denmark;@TheLocalDenmark 
Djibouti;na
Dominica;@DNONews 
Dominican Republic;na
Ecuador;@EcuadorTimes 
Egypt;@EgyFeeds 
El Salvador;@ElSalvadorTimes 
Equatorial Guinea;na
Eritrea;@EritreaNewsRoom 
Estonia;@errnews 
Ethiopia;@ethioNews 
Fiji;@fijitimes 
Finland;@NewsNowFinland 
France;@FRANCE24 
French Guiana;na
French Polynesia;na
Gabon;na
Gambia;@TheGambiaNews 
Georgia;@13wmaznews 
Germany;@TheLocalGermany 
Ghana;@news_ghana 
Greece;@HellasNewsFeed 
Grenada;@GranadaReports 
Guadeloupe;@GuadeloupeNews 
Guatemala;@guate_news 
Guinea;na
Guinea-Bissau;na
Guyana;@GuyanaNewsApp 
Haiti;@NewsInHaiti 
Honduras;na
Hungary;@DNewsHungary 
India;@timesofindia 
Indonesia;@CNNIndonesia 
Iran, Islamic Republic of;@IranNewsUpdate1 
Iraq;@TheIraqTimes 
Ireland;@3NewsIreland 
Israel;@TimesofIsraelFR 
Italy;@ItaliaNEWS 
Jamaica;@NewsOfJamaica 
Japan;@japantimes 
Jordan;na
Kazakhstan;na
Kenya;@News_Kenya 
Korea, Democratic People's Republic of;@KBSWorldRadio 
Korea, Republic of;@NKNewsFeed 
Kuwait;@kuwaittimesnews 
Kyrgyzstan;@KYRGYZSTAN_NEWS 
Lao People's Democratic Republic;na
Latvia;na
Lebanon;@LBCI_NEWS 
Lesotho;@Lestimes 
Liberia;na
Libyan Arab Jamahiriya;na
Lithuania;@lithuaniatribun 
Luxembourg;@LuxTimes 
Macedonia TFYR;@MIA_NEWS_en 
Madagascar;@newsmada 
Malawi;@newsmada 
Malaysia;@fmtoday 
Mali;@TheMalibuTimes 
Martinique;@MartiniqueNews 
Mauritania;na
Mauritius;@mauritius_times 
Mexico;@MexicoTimes 
Moldova;@moldovaorg 
Mongolia;@moldovaorg 
Montenegro;na
Montserrat;na
Morocco;@morocconewsline 
Mozambique;@MozNewsAgency 
Myanmar;@TheMyanmarTimes 
Namibia;@namibia_news 
Nauru;na
Nepal;@nepalitimes 
Netherlands;@Oranda_News 
New Caledonia;@ncla1ere 
New Zealand;@NewZealandTimes 
Nicaragua;@NicaraguaReport 
Niger;na
Nigeria;@DailyTimesNGR 
Norway;@norway 
Oman;@timesofoman 
Pakistan;@arabnewspk 
Panama;@ThePanamaNews 
Papua New Guinea;@PNGNEWSTODAY 
Paraguay;na
Peru;@peruviantimes 
Philippines;@gmanewsbreaking 
Poland;na
Portugal;@PortugalNews77 
Qatar;@qatarnews 
Réunion;@LeRedac 
Romania;@EpochTimesRo 
Russian Federation;@TodayRussia 
Rwanda;@News_rwanda 
Saint Kitts and Nevis;na
Saint Lucia;@ST_Lucia_News 
Saint Vincent and Grenadines;@NewsOfStVincent 
Samoa;@SamoaTimes 
Sao Tome and Principe;na
Saudi Arabia;@Saudi_GoodNews 
Senegal;@senegal221news 
Serbia;@b92english 
Sierra Leone;@SewaNews 
Singapore;@SingaporeTimes 
Slovakia;@SlovakiaNews 
Slovenia;@sloveniatimes 
Solomon Islands;@SolomonStarNews 
Somalia;@QalinNews 
South Africa;@Times_SAfrica 
Spain;@TheLocalSpain 
Sri Lanka;@Shooranews 
Suriname;@surinamenews 
Swaziland;@SWZ_OnlineNews 
Sweden;@TheLocalSweden 
Switzerland;@Switzerland 
Syrian Arab Republic;@Syrianews_daily 
Tajikistan;@koochehonline 
Tanzania, United Republic of;@tanzanianation 
Thailand;@191Thailand 
Timor-Leste;@TimorLesteNews 
Togo;@togo_times 
Tonga;@KanivaTongaNews 
Trinidad and Tobago;@TriniTweets 
Tunisia;@tunisi_travels 
Turkey;@Turkey 
Turkmenistan;@TurkmenistanNew 
Uganda;@AllUganda_News 
Ukraine;@UaNews_online 
United Kingdom;@IBTimesUK 
United Arab Emirates;@Emirates247 
United States of America;@theamericatimes 
Uruguay;@UruguayNewsOk 
Uzbekistan;@UzReport 
Venezuela, Bolivarian Republic of;@VTnewsRed 
Viet Nam;@VietNamNews24h 
Wallis and Futuna Islands;na
Yemen;@YemenNewsToday 
Zambia;@timesofzambia 
Zimbabwe;@NewsDayZimbabwe 
